{"latent_dim_mf": 93, "latent_dim_mlp": 8, "embeding_l2_mf": 0.07040089863700855, "embeding_l2_mlp": 0.00013722927524390666, "mlp_layers_num": 4, "mlp_layers_neurons": 28, "mlp_l2": 0.013525077950357532, "n_users": 610, "n_items": 9724}